201, Incident Briefing
202, Incident Objectives
203, Organization Assignment List
204, Assignment List
205A, Communications List
205, Incident Radio Communications Plan
206, Medical Plan
207, Incident Organization Chart
208HM, Site Safety and Control Plan
208, Safety Message-Plan
209, Incident Status Summary
210, Resource Status Change
211, Incident Check-In List
213, General Message
213RR, Resource Request Message
214, Activity Log
215A, Incident Action Plan Safety Analysis
215, Operational Planning Worksheet
217A, Comm Resource Avail Worksheet
218, Support Vehicle-Equipment Inventory
219-10, T-Card (Purple)
219-1, T-Card (Gray)
219-2, T-Card (Green)
219-3, T-Card (Rose)
219-4, T-Card (Blue)
219-5, T-Card (White)
219-6, T-Card (Orange)
219-7, T-Card (Yellow)
219-8, T-Card (Tan)
219, T-Card Instructions
220, Air Operations Summary
ics form 221, demobilization check-out
ics form 221, demobilization check-out
225, Incident Personnel Performance Rating
230CG, Daily Meeting Schedule
233CG, Incident Open Action Tracker
260, Resource Order
